{
  "name": "north-03",
  "bbox_3857": [
    11238187.56853323,
    1426486.5806850148,
    11238515.607891355,
    1426958.1372623164
  ],
  "img_w": 640,
  "img_h": 920,
  "center": [
    100.95583,
    12.7109
  ],
  "ground_m": [
    320.0,
    460.0
  ]
}