{
  "name": "north-overview",
  "bbox_3857": [
    11237805.528147066,
    1426195.2270553939,
    11238881.907701517,
    1427271.6066098448
  ],
  "img_w": 1050,
  "img_h": 1050,
  "center": [
    100.9557593,
    12.7109969
  ],
  "ground_m": [
    1050.0,
    1050.0
  ]
}